"Name","Loyalty to political group","Loyalty to national party","Participation in roll-call votes","","",""
"BLOOM","0.00","88.74","23.11","736","741","764"
"BONANINI","0.00","0.00","96.40","736","754","32"
"BRONS","0.00","100.00","95.88","736","1","43"
"CHILDERS","0.00","0.00","93.35","736","754","136"
"CLAEYS","0.00","100.00","94.25","736","1","94"
"COLMAN","0.00","70.01","50.47","736","751","752"
"DODDS","0.00","100.00","76.14","736","1","632"
"EHRENHAUSER","0.00","100.00","87.27","736","1","369"
"GOLLNISCH","0.00","99.04","84.69","736","238","457"
"GRIFFIN","0.00","100.00","84.11","736","1","471"
"HARTONG","0.00","99.86","93.55","736","154","125"
"J.A.J. STASSEN","0.00","0.00","86.07","736","754","414"
"KAMMEN","0.00","99.94","84.07","736","152","472"
"KOVÁCS","0.00","98.38","64.26","736","380","718"
"LE PEN","0.00","99.21","66.53","736","210","709"
"LE PEN","0.00","98.96","67.29","736","254","701"
"MARTIN","0.00","100.00","93.58","736","1","124"
"MORVAI","0.00","95.03","63.93","736","710","720"
"MÖLZER","0.00","100.00","79.59","736","1","581"
"OBERMAYR","0.00","100.00","93.46","736","1","129"
"SEVERIN","0.00","93.60","87.11","736","726","376"
"SOSA WAGNER","0.00","100.00","90.98","736","1","223"
"STADLER","0.00","100.00","91.32","736","1","209"
"STOEP","0.00","99.95","88.16","736","151","336"
"STOYANOV","0.00","100.00","75.92","736","1","634"
"SZEGEDI","0.00","81.06","58.08","736","747","741"
"VADIM TUDOR","0.00","99.75","61.26","736","160","732"
"ZAMFIRESCU","0.00","100.00","79.22","736","1","586"
"ZIJLSTRA","0.00","99.83","96.34","736","155","33"
"PAKSAS","43.01","100.00","67.82","735","1","694"
"IMBRASAS","45.79","100.00","87.24","734","1","370"
"SINCLAIRE","47.09","100.00","75.71","733","1","639"
"BATTEN","52.33","98.84","68.06","731","283","691"
"FARAGE","52.33","97.42","42.97","731","550","759"
"CLARK","52.41","98.77","79.70","730","302","578"
"AGNEW","52.77","98.80","91.87","729","292","193"
"DARTMOUTH","53.12","96.31","69.03","728","662","686"
"VILLIERS","53.14","100.00","46.50","727","1","756"
"BUFTON","54.38","99.38","55.48","726","180","746"
"NUTTALL","54.90","97.91","42.62","725","473","760"
"NATTRASS","56.23","100.00","78.87","724","1","590"
"SALAVRAKOS","59.03","100.00","82.69","723","1","514"
"BINEV","60.58","100.00","59.59","722","1","737"
"VANHECKE","60.85","100.00","77.16","721","1","621"
"TZAVELA","61.49","0.00","60.02","720","754","736"
"ANGOURAKIS","61.81","100.00","79.08","719","1","588"
"TOUSSAS","62.70","100.00","57.65","718","1","744"
"DEMESMAEKER","62.75","100.00","91.03","717","1","220"
"PAŠKA","63.35","100.00","97.17","716","1","21"
"MESSERSCHMIDT","63.62","100.00","80.15","715","1","566"
"BELDER","63.77","100.00","98.22","714","1","8"
"TERHO","64.25","100.00","95.45","713","1","56"
"ZASADA","64.92","78.24","89.70","712","749","276"
"HELMER","67.97","79.65","87.53","711","748","360"
"ANDREASEN","72.56","98.01","94.20","710","454","95"
"ZIOBRO","73.34","91.23","77.93","709","738","614"
"BENNAHMIAS","74.34","85.14","89.18","708","745","299"
"WŁOSOWICZ","75.32","97.09","80.39","707","590","561"
"JONG","75.66","100.00","85.42","706","1","439"
"LEPAGE","76.67","99.77","79.53","705","158","583"
"KURSKI","76.72","96.09","72.63","704","674","660"
"MUSCARDINI","76.82","100.00","87.88","703","1","349"
"CYMAŃSKI","77.17","96.31","83.03","702","662","504"
"ALLAM","77.66","99.81","77.12","701","156","622"
"KAMIŃSKI","77.77","0.00","58.70","700","754","739"
"KOHLÍČEK","78.68","95.64","76.64","699","689","628"
"MÉLENCHON","79.19","88.43","71.40","698","742","669"
"GUSTAFSSON","79.52","100.00","81.00","697","1","547"
"VATTIMO","79.77","100.00","69.03","696","1","686"
"ROSBACH","79.97","100.00","87.54","695","1","358"
"PIETIKÄINEN","80.39","86.93","81.15","694","744","544"
"FJELLNER","80.40","98.17","79.18","693","421","587"
"WERTHMANN","80.48","0.00","97.33","692","754","18"
"IBRISAGIC","81.02","98.98","89.46","691","248","289"
"HEDH","81.11","95.61","78.41","690","690","598"
"CAMPBELL BANNERMAN","81.27","93.71","78.02","689","725","610"
"HÖKMARK","81.74","98.30","80.81","688","396","553"
"MAŠTÁLKA","81.83","97.63","84.00","687","527","475"
"ALFANO","81.86","98.07","50.98","686","440","751"
"FLASAROVÁ","81.88","99.78","92.51","685","157","169"
"BIZZOTTO","82.08","95.30","91.21","684","701","211"
"PROVERA","82.14","92.73","83.06","682","733","503"
"ZUBER","82.14","100.00","93.27","682","1","140"
"ESSAYAH","82.26","100.00","87.07","681","1","382"
"HÉNIN","82.34","94.74","78.29","680","716","603"
"CORAZZA BILDT","82.78","97.23","82.42","679","571","520"
"SCHLYTER","82.79","100.00","93.72","678","1","117"
"BAALEN","83.10","91.83","61.67","677","736","728"
"CROWLEY","83.12","96.00","47.08","676","677","755"
"SVENSSON","83.30","100.00","92.13","675","1","178"
"SPERONI","83.31","96.26","93.75","674","668","114"
"DALEN","83.40","100.00","85.10","673","1","448"
"ANDERSON","83.43","100.00","88.54","672","1","321"
"NILSSON","83.65","98.55","81.46","671","346","538"
"MORGANTI","83.69","100.00","93.42","670","1","133"
"WESTLUND","83.72","98.72","65.21","669","311","715"
"SALVINI","83.77","95.29","76.91","668","702","625"
"FERREIRA","83.95","100.00","84.48","667","1","462"
"FONTANA","84.17","98.44","95.49","666","366","55"
"KARI","84.42","100.00","95.03","665","1","65"
"ZANONI","84.48","84.72","97.86","664","746","12"
"ULVSKOG","84.78","97.32","93.84","663","561","112"
"OMARJEE","84.79","100.00","86.13","662","1","412"
"RANSDORF","84.80","91.38","88.72","661","737","315"
"LIOTARD","84.88","100.00","82.27","660","1","524"
"ROSSI","85.06","74.41","94.56","659","750","79"
"ZĪLE","85.10","100.00","73.77","658","1","654"
"HUDGHTON","85.23","100.00","69.44","657","1","682"
"SCOTTÀ","85.28","98.86","83.75","656","279","481"
"SCHALDEMOSE","85.42","99.25","95.66","655","200","52"
"LUDVIGSSON","85.43","97.81","93.68","654","491","121"
"HADJIGEORGIOU","85.45","100.00","71.27","653","1","671"
"TRIANTAPHYLLIDES","85.46","100.00","89.63","652","1","279"
"BORGHEZIO","85.47","96.49","86.42","651","650","399"
"GOEBBELS","85.51","100.00","80.89","650","1","548"
"TAKKULA","85.52","96.25","84.57","649","669","460"
"WOJCIECHOWSKI","85.60","93.38","77.95","648","727","613"
"BENDTSEN","85.66","100.00","86.55","647","1","394"
"WINKLER","85.68","87.18","90.71","646","743","233"
"CHRISTENSEN","85.71","99.43","91.01","645","177","221"
"GRÓBARCZYK","85.92","97.68","83.95","644","517","476"
"THOMSEN","86.08","96.42","89.71","643","653","274"
"VITKAUSKAITE BERNARD","86.20","100.00","34.73","642","1","763"
"KOWAL","86.32","97.26","87.20","641","568","372"
"PIOTROWSKI","86.36","97.40","94.83","640","553","71"
"CZARNECKI","86.38","95.38","79.83","639","697","577"
"TOMAŠEVSKI","86.39","100.00","82.33","638","1","522"
"MIGALSKI","86.45","98.82","89.77","637","286","272"
"SKYLAKAKIS","86.64","100.00","81.81","636","1","533"
"PORĘBA","86.73","98.35","80.58","635","387","556"
"GRIESBECK","86.92","98.15","94.15","634","427","97"
"BIELAN","86.99","100.00","90.45","633","1","247"
"UGGIAS","87.13","98.80","93.54","632","292","128"
"GALLAGHER","87.17","98.96","87.10","631","254","377"
"SARNEZ","87.19","97.16","80.51","630","582","558"
"SZYMAŃSKI","87.37","97.93","90.75","629","470","232"
"McCARTHY","87.38","96.79","72.62","628","636","661"
"MURPHY","87.53","100.00","85.77","627","1","428"
"MANDERS","87.59","95.81","93.89","626","684","107"
"LEGUTKO","87.64","98.91","77.65","625","266","615"
"LE HYARIC","87.69","95.66","77.09","624","688","623"
"VERGIAT","87.84","95.97","83.87","623","678","478"
"LARSEN-JENSEN","87.85","98.80","78.19","622","292","606"
"SMITH","87.87","100.00","82.69","621","1","514"
"BENNION","87.95","91.19","93.73","620","739","116"
"STRIFFLER","88.01","100.00","92.27","619","1","173"
"FÄRM","88.02","96.88","92.67","618","624","162"
"LÖVIN","88.07","100.00","93.18","617","1","144"
"AYLWARD","88.26","99.89","95.79","615","153","47"
"KRAHMER","88.26","94.74","88.61","615","716","320"
"ROCHEFORT","88.63","97.61","89.96","614","531","268"
"SKINNER","88.74","96.27","87.50","613","667","361"
"LEICHTFRIED","88.81","95.50","90.89","612","694","227"
"WILLMOTT","88.83","99.39","91.31","611","179","210"
"HOWITT","88.86","98.15","79.97","610","427","573"
"TAVARES","88.89","0.00","88.85","609","754","309"
"SIMPSON","88.93","99.03","90.19","608","241","260"
"McAVAN","88.94","97.77","84.94","607","500","451"
"WEIDENHOLZER","88.99","97.97","84.38","606","465","465"
"VAUGHAN","89.08","98.05","94.45","605","449","85"
"HARKIN","89.24","0.00","88.88","604","754","308"
"MARTIN","89.25","96.95","93.00","602","613","151"
"TSOUKALAS","89.25","95.93","74.46","602","681","649"
"STIHLER","89.31","98.65","86.41","601","327","401"
"BILBAO BARANDICA","89.36","100.00","95.82","600","1","46"
"MORAES","89.45","97.99","78.57","599","462","594"
"DELVAUX","89.46","100.00","95.13","598","1","62"
"HONEYBALL","89.56","98.06","89.69","597","446","277"
"ZELLER","89.67","90.33","89.67","596","740","278"
"STREJČEK","89.68","93.35","88.42","595","728","328"
"RINALDI","89.99","0.00","83.22","594","754","497"
"GOULARD","90.00","95.69","80.72","593","686","554"
"POUPAKIS","90.32","97.81","80.43","592","491","560"
"CASHMAN","90.48","98.79","70.02","591","296","675"
"ABELA BALDACCHINO","90.49","99.12","87.43","590","221","363"
"BERMAN","90.51","96.92","87.99","589","621","344"
"DE MARTINI","90.63","63.14","61.09","588","753","733"
"HUGHES","90.76","97.44","85.98","587","546","416"
"REIMERS","90.77","97.55","96.60","586","538","29"
"THEIN","90.80","96.72","93.19","585","640","142"
"PAPASTAMKOS","90.96","97.72","54.03","584","509","748"
"KLINZ","91.04","97.59","80.32","583","535","563"
"ANDERSDOTTER","91.11","100.00","75.87","582","1","636"
"JÄÄTTEENMÄKI","91.20","97.62","82.70","581","529","513"
"HIRSCH","91.24","95.29","83.42","580","702","491"
"LAMBSDORFF","91.25","95.28","78.52","579","704","595"
"MOREIRA","91.35","93.00","87.23","578","732","371"
"FAJMON","91.44","95.33","90.86","577","699","228"
"CHOUNTIS","91.45","100.00","85.38","576","1","441"
"ROHDE","91.57","97.87","80.35","575","480","562"
"MIZZI","91.59","98.26","86.46","574","401","396"
"CREUTZMANN","91.64","97.28","91.19","573","565","212"
"CASTEX","91.68","95.11","87.89","572","708","348"
"KOUMOUTSAKOS","91.69","97.79","72.09","571","496","664"
"THEURER","91.70","96.42","81.78","570","653","534"
"TURUNEN","91.79","99.18","83.26","569","214","496"
"KRATSA-TSAGAROPOULOU","91.81","97.71","78.39","568","511","600"
"DEHAENE","91.83","98.12","40.61","567","431","761"
"CHATZIMARKAKIS","91.84","93.76","80.02","566","724","571"
"LANGE","91.86","98.39","76.99","565","376","624"
"REGNER","91.88","98.35","91.42","564","387","207"
"GIANNAKOU","91.96","98.82","84.40","563","286","464"
"SCHOLZ","92.01","96.98","94.31","562","606","91"
"ANGELILLI","92.06","94.49","93.92","560","719","106"
"ROTH-BEHRENDT","92.06","94.77","64.95","560","715","716"
"ATTARD-MONTALTO","92.08","96.81","57.68","559","633","743"
"ARLACCHI","92.10","94.01","78.41","558","723","598"
"EPPINK","92.12","100.00","71.93","557","1","666"
"ERNST","92.14","97.01","85.89","556","598","421"
"JOHANSSON","92.19","100.00","93.62","555","1","123"
"MITCHELL","92.24","99.16","88.16","554","218","336"
"ALVARO","92.25","94.96","61.57","553","711","729"
"KASTLER","92.26","95.32","90.22","552","700","259"
"IOVINE","92.32","96.40","75.79","551","657","637"
"GIEREK","92.36","100.00","95.91","550","1","40"
"COELHO","92.37","95.85","92.23","549","683","175"
"OOMEN-RUIJTEN","92.55","97.27","83.52","548","567","484"
"KADENBACH","92.59","98.65","94.66","547","327","76"
"MERKIES","92.66","98.32","91.44","546","392","206"
"BOKROS","92.68","100.00","62.10","544","1","726"
"RIES","92.68","100.00","90.04","544","1","264"
"RUBIKS","92.69","100.00","94.00","543","1","104"
"WILS","92.73","92.04","87.00","542","735","385"
"KORHOLA","92.78","96.71","85.98","540","641","416"
"SIWIEC","92.78","93.15","78.38","540","730","601"
"FALBR","92.79","93.31","75.29","539","729","643"
"LÖSING","92.82","92.05","86.65","538","734","392"
"NICOLAI","92.86","94.70","85.20","537","718","445"
"McGUINNESS","92.87","98.72","86.44","536","311","398"
"DESS","92.88","95.18","98.51","535","705","5"
"FLORENZ","92.89","93.02","75.59","534","731","640"
"NISTELROOIJ","92.94","98.55","80.58","533","346","556"
"KOZLÍK","92.97","100.00","77.49","532","1","617"
"LYON","93.01","96.11","81.02","531","672","546"
"CAMP","93.02","98.78","93.89","530","299","107"
"ENGEL","93.08","97.00","87.19","529","601","374"
"BOZKURT","93.09","99.38","88.52","527","180","322"
"MEISSNER","93.09","98.20","88.82","527","419","311"
"LØKKEGAARD","93.10","99.27","84.01","526","196","474"
"SCHMIDT","93.14","98.87","94.37","525","275","88"
"DE VEYRAC","93.15","97.69","89.33","524","516","295"
"McMILLAN-SCOTT","93.16","96.59","73.42","523","644","658"
"WIKSTRÖM","93.21","98.00","89.01","522","457","305"
"GOERENS","93.22","100.00","89.47","521","1","287"
"HÄNDEL","93.23","97.83","76.37","518","488","630"
"PAPANIKOLAOU","93.23","98.62","82.57","518","332","516"
"VLASÁK","93.23","96.11","94.20","518","672","95"
"CAVADA","93.27","98.71","90.98","517","316","223"
"CUSCHIERI","93.30","98.38","89.32","516","380","296"
"HIGGINS","93.36","98.18","88.49","514","420","325"
"POC","93.36","94.20","96.72","514","721","28"
"KELLY","93.37","98.21","96.94","512","416","25"
"MASIP HIDALGO","93.37","96.35","79.92","512","660","575"
"KLUTE","93.40","96.98","89.51","510","606","283"
"PAULSEN","93.40","98.76","93.02","510","306","150"
"KOŽUŠNÍK","93.47","97.66","80.07","508","522","569"
"ZÁBORSKÁ","93.47","100.00","93.05","508","1","147"
"PIEPER","93.49","94.24","90.65","507","720","237"
"VULJANIĆ","93.53","100.00","80.85","506","1","550"
"MEYER","93.54","100.00","74.21","505","1","650"
"COSTA","93.55","94.20","77.32","504","721","619"
"SARVAMAA","93.57","97.76","90.13","502","502","261"
"TREMOSA i BALCELLS","93.57","100.00","91.01","502","1","221"
"JENSEN","93.59","99.12","85.96","501","221","418"
"BECKER","93.61","98.50","93.95","500","355","105"
"HOHLMEIER","93.64","96.83","93.05","499","631","147"
"COTTIGNY","93.65","98.21","87.93","498","416","347"
"ARSENIS","93.69","0.00","77.20","497","754","620"
"THOMAS","93.74","98.01","87.54","496","454","358"
"PIRKER","93.76","99.14","95.02","494","219","66"
"VAN BREMPT","93.76","100.00","90.98","494","1","223"
"GROSCH","93.78","100.00","87.70","492","1","355"
"SEEBER","93.78","98.95","97.04","492","259","23"
"ZALEWSKI","93.80","96.46","82.47","491","651","518"
"KARAS","93.82","99.06","85.32","490","231","442"
"TĂNĂSESCU","93.83","98.07","94.14","489","440","98"
"LUDFORD","93.85","97.22","93.72","488","573","117"
"GARCÍA-HIERRO CARABALLO","93.87","97.45","84.42","487","545","463"
"RÜBIG","93.88","98.97","95.86","486","250","44"
"KAMMEREVERT","93.89","96.97","90.09","485","609","262"
"BALZANI","93.90","94.84","71.40","484","714","669"
"HANNAN","93.92","95.06","76.34","483","709","631"
"KREISSL-DÖRFLER","93.93","96.73","78.37","481","638","602"
"OJULAND","93.93","97.00","84.59","481","601","459"
"KOCH-MEHRIN","93.98","95.41","60.68","480","696","735"
"STAUNER","94.07","95.57","94.35","479","691","90"
"ZAHRADIL","94.08","97.85","79.30","478","485","585"
"SENYSZYN","94.09","97.79","91.60","476","496","203"
"TRAUTMANN","94.09","99.22","88.06","476","206","341"
"THYSSEN","94.12","99.02","83.36","475","242","492"
"ROITHOVÁ","94.13","100.00","95.39","474","1","57"
"TOŠENOVSKÝ","94.14","97.61","89.48","473","531","286"
"NITRAS","94.15","96.37","83.51","472","659","487"
"ELLES","94.16","95.15","67.59","471","707","698"
"POSSELT","94.17","94.89","93.41","469","713","134"
"TOIA","94.17","94.93","78.91","469","712","589"
"KÖSTINGER","94.20","99.28","98.06","468","194","9"
"CABRNOCH","94.22","97.23","69.76","466","571","679"
"TABAJDI","94.22","96.30","88.26","466","664","333"
"IRAZABALBEITIA FERNÁNDEZ","94.23","100.00","89.07","465","1","303"
"JÁRÓKA","94.25","96.94","68.25","463","615","690"
"OUZKÝ","94.25","96.82","69.83","463","632","678"
"BOWLES","94.29","97.35","87.98","461","558","346"
"SONIK","94.29","96.63","89.51","461","643","283"
"EL KHADRAOUI","94.31","100.00","95.99","459","1","37"
"ITURGAIZ ANGULO","94.31","97.01","74.00","459","598","652"
"GRÄSSLE","94.34","95.74","94.63","457","685","78"
"WEILER","94.34","96.97","90.29","457","609","255"
"BELET","94.35","99.64","89.44","455","165","290"
"HAUG","94.35","96.96","93.08","455","611","146"
"LÓPEZ AGUILAR","94.37","97.14","85.96","454","586","418"
"BEARDER","94.38","96.86","84.90","450","627","452"
"DE MITA","94.38","96.04","49.39","450","676","754"
"FLECKENSTEIN","94.38","96.52","85.61","450","646","433"
"MATIAS","94.38","100.00","86.83","450","1","388"
"JAHR","94.46","95.67","94.40","449","687","87"
"DAVIES","94.47","95.47","85.79","447","695","427"
"WEBER","94.47","98.78","72.19","447","299","663"
"BACH","94.50","97.15","96.74","446","584","27"
"BERÈS","94.51","98.06","82.11","444","446","528"
"FERBER","94.51","97.76","90.29","444","502","255"
"FIDANZA","94.53","98.77","88.84","442","302","310"
"KAZAK","94.53","98.82","93.43","442","286","132"
"CARVALHO","94.57","97.58","93.68","441","536","121"
"THUN UND HOHENSTEIN","94.58","97.03","82.14","440","595","526"
"ANDRIEU","94.59","99.31","78.19","437","188","606"
"MUÑIZ DE URQUIZA","94.59","98.92","89.47","437","264","287"
"ČEŠKOVÁ","94.59","97.39","78.49","437","555","596"
"BŘEZINA","94.61","100.00","90.69","436","1","234"
"CERCAS","94.63","97.16","91.15","435","582","214"
"ESTARÀS FERRAGUT","94.64","97.41","89.74","434","551","273"
"CAPOULAS SANTOS","94.65","95.57","89.71","433","691","274"
"DEVA","94.67","95.36","74.67","431","698","646"
"FEIO","94.67","100.00","91.12","431","1","216"
"DEUTSCH","94.68","98.24","69.40","430","406","683"
"GUILLAUME","94.69","99.59","92.04","429","167","182"
"DATI","94.72","97.43","85.52","428","548","437"
"RIERA MADURELL","94.74","98.09","88.77","427","437","313"
"SIEKIERSKI","94.75","96.86","87.06","425","627","383"
"TORVALDS","94.75","100.00","88.71","425","1","316"
"MULDER","94.76","96.93","93.55","424","618","125"
"AUCONIE","94.77","99.30","88.95","422","191","307"
"PANAYOTOV","94.77","98.70","94.66","422","320","76"
"LEINEN","94.78","97.03","89.11","420","595","302"
"VERGNAUD","94.78","99.24","94.97","420","202","68"
"GERINGER de OEDENBERG","94.80","98.02","98.05","419","452","10"
"HOANG NGOC","94.82","98.39","90.40","416","376","251"
"LIBERADZKI","94.82","97.99","87.16","416","462","375"
"METSOLA","94.82","100.00","96.17","416","1","35"
"TOMAŠIĆ","94.83","100.00","80.51","415","1","558"
"BULLMANN","94.84","97.93","84.07","412","470","472"
"CASTILLO VERA","94.84","97.30","78.26","412","563","605"
"SURJÁN","94.84","98.11","90.42","412","432","249"
"RODUST","94.87","97.89","95.22","411","477","60"
"ERTUG","94.88","96.73","88.08","408","638","339"
"KÓSA","94.88","98.58","83.31","408","342","493"
"LYUBCHEVA","94.88","97.79","95.89","408","496","41"
"LANGE","94.89","97.68","90.46","407","517","244"
"AYALA SENDER","94.91","98.66","83.52","406","326","484"
"ANTINORO","94.92","96.92","58.28","405","621","740"
"LIESE","94.93","95.93","84.51","403","681","461"
"TIROLIEN","94.93","97.49","81.31","403","543","542"
"GARCÍA PÉREZ","94.95","99.23","91.90","402","204","192"
"GLATTFELDER","94.97","98.23","93.46","400","409","129"
"ZALESKI","94.97","99.46","98.46","400","173","6"
"PARGNEAUX","94.98","98.89","89.04","398","271","304"
"RONZULLI","94.98","96.54","83.49","398","645","488"
"CORTÉS LASTRA","95.02","98.62","79.95","395","332","574"
"GEBHARDT","95.02","98.00","93.45","395","457","131"
"ZIMMER","95.02","97.15","86.80","395","584","391"
"STEINRUCK","95.03","97.86","93.88","394","482","109"
"BADIA i CUTCHET","95.04","100.00","88.65","393","1","317"
"TŐKÉS","95.05","0.00","79.59","392","754","581"
"PATRÃO NEVES","95.06","97.36","86.38","390","557","402"
"SOMMER","95.06","96.39","93.32","390","658","137"
"KAMALL","95.08","96.87","69.33","389","625","684"
"GARCÉS RAMÓN","95.09","98.67","83.29","385","325","494"
"GLANTE","95.09","97.07","86.83","385","592","388"
"SÁNCHEZ PRESEDO","95.09","99.46","92.75","385","173","159"
"TEIXEIRA","95.09","100.00","92.76","385","1","157"
"LULLING","95.10","97.56","94.47","384","537","84"
"NIEBLER","95.11","98.22","88.48","382","414","326"
"WORTMANN-KOOL","95.11","97.71","84.87","382","511","455"
"ANDRÉS BAREA","95.13","97.83","93.29","380","488","138"
"YÁÑEZ-BARNUEVO GARCÍA","95.13","98.11","86.45","380","432","397"
"MENÉNDEZ del VALLE","95.14","99.30","88.45","379","191","327"
"GYÜRK","95.15","98.91","69.98","378","266","677"
"GARDIAZÁBAL RUBIAL","95.16","99.27","86.98","376","196","386"
"TARAND","95.16","68.57","85.75","376","752","430"
"THEOCHAROUS","95.17","100.00","72.00","375","1","665"
"GALLO","95.19","100.00","88.38","374","1","330"
"BRATKOWSKI","95.20","99.37","97.35","372","183","16"
"OLEJNICZAK","95.20","97.01","87.04","372","598","384"
"HALL","95.23","98.39","92.04","369","376","182"
"MELO","95.23","100.00","78.02","369","1","610"
"PERELLÓ RODRÍGUEZ","95.23","98.25","83.81","369","403","479"
"CASA","95.24","100.00","61.34","368","1","730"
"MOTTI","95.26","96.98","78.84","366","606","591"
"SCHÖPFLIN","95.26","98.57","94.54","366","343","81"
"MARTÍNEZ MARTÍNEZ","95.27","98.57","89.54","364","343","282"
"ZEMKE","95.27","98.59","97.49","364","338","14"
"JUVIN","95.30","97.30","84.13","363","563","469"
"DUŠEK","95.31","95.96","88.51","361","679","323"
"ROMERO LÓPEZ","95.31","99.19","82.95","361","212","508"
"GODMANIS","95.32","100.00","64.26","359","1","718"
"SOUSA","95.32","100.00","93.29","359","1","138"
"BAUER","95.33","100.00","96.22","357","1","34"
"WINKLER","95.33","100.00","85.85","357","1","425"
"HANKISS","95.34","98.59","67.50","355","338","699"
"VERHEYEN","95.34","96.99","85.45","355","603","438"
"ŢICĂU","95.35","96.94","75.75","354","615","638"
"GUTIÉRREZ-CORTINES","95.37","96.80","74.13","352","634","651"
"WATSON","95.37","97.76","85.42","352","502","439"
"NICHOLSON","95.38","100.00","87.80","350","1","351"
"REUL","95.38","96.99","90.48","350","603","243"
"CANCIAN","95.39","97.14","85.73","349","586","431"
"MACOVEI","95.41","95.57","87.09","348","691","380"
"KOVATCHEV","95.42","97.32","88.19","347","561","335"
"OBIOLS","95.44","98.97","81.86","345","250","530"
"SOPHOCLEOUS","95.44","100.00","68.92","345","1","688"
"BONSIGNORE","95.45","96.20","65.62","344","671","712"
"ŐRY","95.46","98.61","94.30","343","335","92"
"GARDINI","95.47","96.78","90.42","341","637","249"
"ILCHEV","95.47","100.00","91.84","341","1","195"
"FERNANDES","95.48","98.71","94.01","340","316","102"
"CASPARY","95.52","96.99","91.67","334","603","199"
"GÁL","95.52","98.59","92.67","334","338","162"
"IRIGOYEN PÉREZ","95.52","98.93","97.35","334","261","16"
"MASTELLA","95.52","100.00","53.30","334","1","749"
"PONGA","95.52","98.37","80.20","334","384","565"
"SEDÓ i ALABART","95.52","100.00","83.46","334","1","489"
"GÁLL-PELCZ","95.53","98.82","90.46","331","286","244"
"PAKARINEN","95.53","97.84","44.71","331","486","758"
"SIMON","95.53","98.33","91.93","331","390","189"
"PRENDERGAST","95.54","100.00","85.57","328","1","435"
"SEHNALOVÁ","95.54","96.28","94.91","328","666","70"
"ZALBA BIDEGAIN","95.54","97.96","87.20","328","467","372"
"BORYS","95.55","98.42","89.35","324","370","294"
"GUTIÉRREZ PRIETO","95.55","99.05","70.77","324","236","673"
"HÜBNER","95.55","97.62","89.40","324","529","292"
"KREHL","95.55","98.24","90.03","324","406","265"
"COZZOLINO","95.56","96.66","67.68","321","642","697"
"MATHIEU HOUILLON","95.56","97.66","86.01","321","522","415"
"SARYUSZ-WOLSKI","95.56","98.23","83.44","321","409","490"
"VAIDERE","95.59","98.38","85.07","320","380","449"
"GRZYB","95.60","98.89","91.08","318","271","217"
"LOPE FONTAGNÉ","95.60","98.70","87.29","318","320","367"
"BERTOT","95.61","97.06","97.31","316","593","19"
"HANDZLIK","95.61","98.98","91.94","316","248","188"
"EVANS","95.63","100.00","89.80","313","1","270"
"RIQUET","95.63","100.00","90.00","313","1","266"
"SANCHEZ-SCHMID","95.63","98.81","85.89","313","291","421"
"ENGSTRÖM","95.66","100.00","92.26","312","1","174"
"GROSSETÊTE","95.69","98.48","95.59","311","357","53"
"PROTASIEWICZ","95.72","99.04","72.22","309","238","662"
"VLASTO","95.72","97.25","67.06","309","569","702"
"JAZŁOWIECKA","95.74","98.43","86.32","308","368","404"
"GEIER","95.75","98.83","93.19","306","285","142"
"GROOTE","95.75","98.52","90.49","306","349","240"
"FRANCO","95.76","98.44","66.44","305","366","710"
"DANTIN","95.77","98.68","88.02","301","324","342"
"JAAKONSAARI","95.77","100.00","93.71","301","1","120"
"MAZZONI","95.77","97.64","82.93","301","526","509"
"SAÏFI","95.77","99.47","91.37","301","171","208"
"HERRANZ GARCÍA","95.78","98.45","78.60","300","362","593"
"DAVID","95.79","96.93","69.56","298","618","680"
"MATO ADROVER","95.79","98.47","90.43","298","358","248"
"LISEK","95.80","98.32","94.12","296","392","99"
"NEUSER","95.80","98.07","94.81","296","440","72"
"HORTEFEUX","95.81","97.70","91.92","295","515","191"
"SCHWAB","95.83","96.50","92.04","291","648","182"
"SCURRIA","95.83","100.00","80.32","291","1","563"
"VOSS","95.83","97.20","92.10","291","577","179"
"WAŁĘSA","95.83","98.70","82.99","291","320","506"
"GOMES","95.84","97.09","85.23","290","590","444"
"PALIADELI","95.85","99.06","67.46","289","231","700"
"BOULLAND","95.86","98.51","88.65","288","351","317"
"COSTELLO","95.87","100.00","86.63","286","1","393"
"KALFIN","95.87","98.29","84.96","286","397","450"
"COFFERATI","95.88","96.50","92.77","285","648","156"
"SIPPEL","95.89","98.47","87.39","283","358","365"
"TATARELLA","95.89","100.00","65.42","283","1","713"
"AYUSO","95.90","98.29","77.46","280","397","618"
"BODU","95.90","100.00","91.06","280","1","219"
"ULMER","95.90","96.94","88.32","280","615","332"
"MICHELS","95.91","97.10","97.74","278","589","13"
"TAYLOR","95.91","98.71","85.85","278","316","425"
"ALVES","95.92","97.43","94.27","276","548","93"
"SILVESTRIS","95.92","97.03","98.29","276","595","7"
"GRANDES PASCUAL","95.93","98.82","77.99","274","286","612"
"LANDSBERGIS","95.93","97.54","66.71","274","540","707"
"KALINOWSKI","95.94","99.18","91.19","272","214","212"
"SKRZYDLEWSKA","95.94","99.10","93.72","272","225","117"
"HIBNER","95.95","99.13","98.92","270","220","3"
"JĘDRZEJEWSKA","95.95","98.00","88.34","270","457","331"
"CADEC","95.96","98.51","92.54","268","351","167"
"KOCH","95.96","96.84","96.45","268","630","30"
"RIVELLINI","95.98","96.80","74.75","267","634","645"
"MICHEL","95.99","100.00","82.13","266","1","527"
"KOZŁOWSKI","96.00","99.34","94.53","264","184","83"
"PODIMATA","96.00","98.41","79.67","264","371","579"
"BERRA","96.01","98.62","73.84","262","332","653"
"JEGGLE","96.01","97.35","97.23","262","558","20"
"ENCIU","96.03","97.22","95.98","260","573","38"
"FISAS AYXELA","96.03","98.51","82.85","260","351","512"
"LE GRIP","96.05","98.49","92.61","257","356","166"
"MILLÁN MON","96.05","99.10","90.86","257","225","228"
"SALAFRANCA SÁNCHEZ-NEYRA","96.05","98.21","89.00","257","416","306"
"ZWIEFKA","96.06","98.90","90.46","256","269","244"
"KARIŅŠ","96.08","99.00","93.03","255","246","149"
"KIRKHOPE","96.09","98.11","62.26","254","432","725"
"BÖGE","96.10","97.17","83.28","249","581","495"
"CORREA ZAMORA","96.10","99.73","82.32","249","162","523"
"GUERRERO SALOM","96.10","98.87","86.54","249","275","395"
"RAPTI","96.10","99.22","87.99","249","206","344"
"SARTORI","96.10","97.88","67.81","249","478","695"
"BÁNKI","96.11","98.74","81.05","246","309","545"
"PALLONE","96.11","97.20","61.27","246","577","731"
"TARABELLA","96.11","99.10","94.10","246","225","100"
"KALNIETE","96.12","98.47","88.75","243","358","314"
"LE BRUN","96.12","98.40","67.04","243","375","703"
"SCHAAKE","96.12","99.09","92.34","243","228","171"
"BASTOS","96.14","98.93","90.49","241","261","240"
"SAKS","96.14","100.00","94.93","241","1","69"
"DE BACKER","96.15","97.68","87.10","237","517","377"
"KOPPA","96.15","97.94","84.37","237","468","466"
"OLBRYCHT","96.15","99.29","89.30","237","193","297"
"PIRILLO","96.15","96.91","73.54","237","623","656"
"NARANJO ESCOBAR","96.16","99.44","63.29","236","176","721"
"BALZ","96.17","96.87","85.58","233","625","434"
"GIRLING","96.17","98.24","91.67","233","406","199"
"VAJGL","96.17","100.00","85.17","233","1","447"
"COMI","96.18","97.80","85.73","231","494","431"
"DANELLIS","96.18","99.32","89.44","231","186","290"
"ANTONESCU","96.19","96.93","94.01","230","618","102"
"FERREIRA","96.20","97.91","86.17","229","473","411"
"LANGEN","96.21","97.24","93.26","228","570","141"
"KLASS","96.22","96.86","97.96","225","627","11"
"MARINESCU","96.22","97.87","92.76","225","480","157"
"VIDAL-QUADRAS","96.22","100.00","87.75","225","1","353"
"BALDASSARRE","96.23","97.68","78.82","219","517","592"
"FLAŠÍKOVÁ BEŇOVÁ","96.23","97.21","88.08","219","575","339"
"GARRIGA POLLEDO","96.23","97.74","66.77","219","506","706"
"KACZMAREK","96.23","99.01","96.06","219","244","36"
"RANGEL","96.23","96.95","78.16","219","613","609"
"ŽDANOKA","96.23","100.00","95.14","219","1","61"
"ARIAS ECHEVERRÍA","96.24","98.90","85.19","216","269","446"
"PROUST","96.24","99.17","71.89","216","216","667"
"YANNAKOUDAKIS","96.24","97.90","83.03","216","476","504"
"VELD","96.25","99.22","95.79","215","206","47"
"FORD","96.27","98.15","86.42","213","427","399"
"GERBRANDY","96.27","99.28","92.03","213","194","185"
"DANJEAN","96.28","99.23","91.87","211","204","193"
"TANNOCK","96.28","98.00","96.42","211","457","31"
"DÍAZ DE MERA GARCÍA CONSUEGRA","96.29","99.06","82.88","209","231","511"
"JORDAN","96.29","99.06","88.23","209","231","334"
"CHICHESTER","96.30","98.80","82.52","206","292","517"
"MORIN-CHARTIER","96.30","98.85","95.04","206","282","63"
"PACK","96.30","97.18","90.95","206","580","226"
"MAYOR OREJA","96.31","98.41","76.61","205","371","629"
"STAVRAKAKIS","96.33","99.45","91.97","203","175","187"
"SÓGOR","96.33","100.00","94.04","203","1","101"
"EHLER","96.34","96.33","78.49","200","661","596"
"JIMÉNEZ-BECERRIL BARRIO","96.34","98.33","81.70","200","390","535"
"ŠADURSKIS","96.34","99.09","94.54","200","228","81"
"BROK","96.35","96.21","75.92","197","670","634"
"COHN-BENDIT","96.35","96.42","81.18","197","653","543"
"MARCINKIEWICZ","96.35","98.89","90.49","197","271","240"
"BRADBOURN","96.36","99.02","62.89","194","242","723"
"ROATTA","96.36","98.02","71.03","194","452","672"
"SCHNIEBER-JASTRAM","96.36","96.41","84.89","194","656","454"
"AUDY","96.38","99.05","97.11","191","236","22"
"FRAGA ESTÉVEZ","96.38","99.47","83.81","191","171","479"
"KARIM","96.38","98.25","70.02","191","403","675"
"ORTIZ VILELLA","96.39","99.38","80.85","189","180","550"
"SILAGHI","96.39","98.77","84.34","189","302","468"
"AUKEN","96.41","100.00","90.39","187","1","254"
"MORKŪNAITĖ-MIKULĖNIENĖ","96.41","98.23","86.38","187","409","402"
"CASINI","96.42","98.15","86.30","186","427","405"
"COCHET","96.46","97.06","80.64","185","593","555"
"FOSTER","96.47","98.65","86.12","184","327","413"
"QUISTHOUDT-ROWOHL","96.48","97.60","65.29","181","533","714"
"SASSOLI","96.48","97.54","75.54","181","540","641"
"ŁUKACIJEWSKA","96.48","98.93","89.79","181","261","271"
"DE CASTRO","96.50","97.12","84.84","180","588","456"
"MAYER","96.51","97.41","90.09","179","551","262"
"HARBOUR","96.53","98.35","93.38","177","387","135"
"PITSILLIDES","96.53","100.00","73.53","177","1","657"
"DROUTSAS","96.55","98.10","53.15","173","435","750"
"MIKOLÁŠIK","96.55","100.00","89.92","173","1","269"
"MIRSKY","96.55","100.00","71.69","173","1","668"
"REPO","96.55","100.00","86.28","173","1","407"
"NEWTON DUNN","96.58","95.94","95.35","172","680","58"
"STEVENSON","96.60","97.80","94.56","171","494","79"
"MILANA","96.61","97.71","76.74","170","511","626"
"MATERA","96.62","98.26","86.81","168","401","390"
"PANAYOTOVA","96.62","97.91","87.35","168","473","366"
"PAPADOPOULOU","96.63","100.00","80.88","166","1","549"
"SWINBURNE","96.63","98.16","85.92","166","425","420"
"ALFONSI","96.64","100.00","87.10","165","1","377"
"BALDINI","96.65","97.49","88.02","163","543","342"
"WEBER","96.65","98.17","92.21","163","421","176"
"BĂSESCU","96.67","97.40","81.55","162","553","537"
"ATKINS","96.69","98.38","64.82","158","380","717"
"HERCZOG","96.69","98.00","80.82","158","457","552"
"VAN ORDEN","96.69","98.41","82.19","158","371","525"
"ZANICCHI","96.69","97.73","89.50","158","507","285"
"IACOLINO","96.70","97.71","89.14","156","511","300"
"PICULA","96.70","97.68","90.40","156","517","251"
"GARGANI","96.71","100.00","56.39","154","1","745"
"SCHNELLHARDT","96.71","96.96","92.72","154","611","161"
"ANDRIKIENĖ","96.74","98.25","83.19","151","403","498"
"GURMAI","96.74","97.88","83.69","151","478","482"
"LAMASSOURE","96.74","98.73","82.89","151","310","510"
"CALLANAN","96.78","98.10","87.57","149","435","357"
"CREŢU","96.78","97.44","77.60","149","546","616"
"ASHWORTH","96.79","98.45","90.68","147","362","235"
"PAŞCU","96.79","98.09","89.13","147","437","301"
"CORREIA DE CAMPOS","96.80","97.84","90.68","146","486","235"
"LÓPEZ-ISTÚRIZ WHITE","96.83","99.50","60.80","145","169","734"
"FOX","96.86","98.65","92.62","143","327","164"
"KIRILOV","96.86","98.72","91.57","143","311","205"
"BOVÉ","96.87","97.55","86.28","141","538","407"
"VĂLEAN","96.87","98.05","79.50","141","449","584"
"PARVANOVA","96.88","100.00","81.65","140","1","536"
"BERLATO","96.90","97.28","85.86","138","565","423"
"PALECKIS","96.90","98.01","68.06","138","454","691"
"KUHN","96.91","96.45","87.42","136","652","364"
"STURDY","96.91","97.92","58.73","136","472","738"
"URUTCHEV","96.93","98.69","92.07","134","323","180"
"WIELAND","96.93","97.34","88.51","134","560","323"
"FAJON","96.95","100.00","81.86","132","1","530"
"HELLVIG","96.95","98.86","62.06","132","279","727"
"KELAM","96.96","100.00","95.96","130","1","39"
"PITTELLA","96.96","97.75","63.22","130","505","722"
"GAHLER","96.97","98.08","93.85","129","439","110"
"GABRIEL","96.99","98.79","93.55","128","296","125"
"STIER","97.00","98.22","83.15","127","414","500"
"GAUZÈS","97.01","97.97","88.41","125","465","329"
"UNGUREANU","97.01","97.21","62.55","125","575","724"
"RAPKAY","97.05","97.77","90.23","124","500","258"
"KUKAN","97.06","100.00","95.76","123","1","49"
"CARONNA","97.07","98.23","91.61","122","409","202"
"HYUSMENOVA","97.08","98.53","91.15","121","348","214"
"PRODI","97.11","97.37","82.06","120","556","529"
"COLLIN-LANGEN","97.12","97.65","78.19","118","524","606"
"SALATTO","97.12","100.00","66.89","118","1","705"
"DUFF","97.17","96.05","94.68","116","675","74"
"McCLARKIN","97.17","98.52","87.62","116","349","356"
"PANZERI","97.19","97.60","79.64","115","533","580"
"MANN","97.21","97.19","94.67","114","579","75"
"NEYTS-UYTTEBROECK","97.24","98.28","75.10","113","400","644"
"STOLOJAN","97.25","98.72","92.53","112","311","168"
"SAUDARGAS","97.27","98.78","89.58","111","299","280"
"DORFMANN","97.28","100.00","95.76","109","1","49"
"WESTPHAL","97.28","98.97","81.34","109","250","540"
"DAERDEN","97.29","99.68","85.76","108","164","429"
"SMOLKOVÁ","97.31","98.51","87.09","107","351","380"
"IVAN","97.32","98.05","70.09","106","449","674"
"BORISSOV","97.33","98.91","83.59","105","266","483"
"DE KEYSER","97.35","98.77","86.24","104","302","409"
"NEVEĎALOVÁ","97.39","98.96","83.13","102","254","501"
"PETERLE","97.39","100.00","82.42","102","1","520"
"ESTRELA","97.40","98.07","87.29","100","440","367"
"ROUČEK","97.40","97.79","90.78","100","496","231"
"DE ANGELIS","97.41","98.45","80.02","97","362","571"
"LUHAN","97.41","97.72","87.75","97","509","353"
"SÂRBU","97.41","98.29","75.98","97","397","633"
"PATRICIELLO","97.43","97.63","55.27","96","527","747"
"ANTONIOZZI","97.44","97.73","57.71","94","507","742"
"VALJALO","97.44","98.36","76.65","94","386","627"
"LA VIA","97.45","99.20","90.26","92","211","257"
"SWOBODA","97.45","95.18","80.06","92","705","570"
"BOŞTINARU","97.46","97.83","95.04","91","488","63"
"TREMATERRA","97.48","98.61","38.05","90","335","762"
"NICULESCU","97.49","97.98","73.39","89","464","659"
"BARTOLOZZI","97.52","98.56","73.68","88","345","655"
"WEBER","97.54","98.16","85.86","87","425","423"
"IOTOVA","97.55","98.96","75.54","85","254","641"
"ZALA","97.55","98.37","81.34","85","384","540"
"REVAULT D'ALLONNES BONNEFOY","97.56","98.17","46.20","84","421","757"
"MÉSZÁROS","97.60","100.00","91.08","83","1","217"
"OVIIR","97.62","99.42","85.30","82","178","443"
"DĂNCILĂ","97.63","99.06","84.37","80","231","466"
"TRÜPEL","97.63","97.94","74.67","80","468","646"
"GUALTIERI","97.64","98.41","92.34","76","371","171"
"GÖNCZ","97.64","98.43","94.43","76","368","86"
"ZVER","97.64","99.01","88.78","76","244","312"
"ŠUICA","97.64","98.61","92.75","76","335","159"
"CLIVETI","97.65","98.86","92.88","74","279","154"
"McINTYRE","97.65","99.24","86.29","74","202","406"
"FRIGO","97.66","97.65","95.02","73","524","66"
"BÜTIKOFER","97.72","97.86","79.86","72","482","576"
"BORSELLINO","97.73","98.45","67.03","71","362","704"
"PREDA","97.74","100.00","99.37","70","1","2"
"MATULA","97.75","98.97","99.41","69","250","1"
"PÖTTERING","97.76","97.52","83.95","68","542","476"
"ROMEVA i RUEDA","97.79","100.00","95.53","67","1","54"
"BENARAB-ATTOU","97.81","98.46","87.79","64","361","352"
"GRÈZE","97.81","98.17","83.19","64","421","498"
"MYNÁŘ","97.81","97.81","69.51","64","491","681"
"MALETIĆ","97.82","99.12","95.35","63","221","58"
"ROSS","97.86","98.06","65.69","62","446","711"
"PLENKOVIĆ","97.87","98.79","90.40","61","296","251"
"BERLINGUER","97.88","97.86","67.72","60","482","696"
"BAGÓ","97.91","96.52","91.68","59","646","198"
"BALČYTIS","97.92","98.96","68.50","57","254","689"
"NEYNSKY","97.92","100.00","80.15","57","1","566"
"LAMBERT","97.98","100.00","92.62","55","1","164"
"MAŇKA","97.98","98.88","92.37","55","274","170"
"CHRYSOGELOS","98.01","100.00","83.09","54","1","502"
"DOMENICI","98.03","98.31","92.03","53","394","185"
"CUTAŞ","98.05","100.00","98.71","51","1","4"
"ŠŤASTNÝ","98.05","100.00","95.83","51","1","45"
"BORZAN","98.08","98.76","88.63","49","306","319"
"MAZEJ KUKOVIČ","98.08","99.19","97.00","49","212","24"
"CRONBERG","98.09","100.00","69.10","48","1","685"
"DONSKIS","98.10","100.00","93.79","46","1","113"
"TAYLOR","98.10","100.00","92.80","46","1","155"
"SAVISAAR-TOOMAST","98.12","99.32","91.60","45","186","203"
"SARGENTINI","98.21","99.64","94.80","44","165","73"
"HASSI","98.24","100.00","92.07","43","1","180"
"DURANT","98.25","100.00","74.54","41","1","648"
"KACIN","98.25","100.00","84.61","41","1","458"
"TURMES","98.26","100.00","89.27","40","1","298"
"RÜHLE","98.27","98.31","87.86","39","394","350"
"BREYER","98.29","98.07","96.86","37","440","26"
"DAUL","98.29","96.30","91.75","37","664","197"
"VERHOFSTADT","98.31","99.11","83.52","36","224","484"
"BESSET","98.33","98.95","81.84","34","259","532"
"RIVASI","98.33","98.71","82.43","34","316","519"
"MALINOV","98.34","100.00","91.84","33","1","195"
"BICEP","98.38","98.23","82.97","30","409","507"
"BLINKEVIČIŪTĖ","98.38","99.72","84.13","30","163","469"
"EICKHOUT","98.38","99.77","92.17","30","158","177"
"FLAUTRE","98.42","98.92","80.10","29","264","568"
"BRZOBOHATÁ","98.44","98.59","93.85","28","338","110"
"BUŠIĆ","98.45","98.75","97.43","26","308","15"
"BÉLIER","98.45","99.07","89.99","26","230","267"
"KOEWIUS","98.49","98.07","89.56","25","440","281"
"LICHTENBERGER","98.51","100.00","94.37","24","1","88"
"KLEVA KEKUŠ","98.55","100.00","66.55","23","1","708"
"ALBRECHT","98.57","98.65","89.38","22","327","293"
"STAES","98.60","100.00","95.75","21","1","51"
"HÄFNER","98.65","98.72","90.62","20","311","238"
"CORNELISSEN","98.68","99.74","88.15","19","161","338"
"DELLI","98.75","99.25","86.21","17","200","410"
"JADOT","98.75","99.48","91.93","17","170","189"
"SCHULZ","98.76","98.87","90.60","16","275","239"
"PETROVIĆ JAKOVINA","98.79","99.17","87.50","15","216","361"
"JOLY","98.82","99.22","67.92","14","206","693"
"KIIL-NIELSEN","98.84","99.31","93.75","12","188","114"
"ZÉRIBI","98.84","98.84","78.27","12","283","604"
"BARBAGALLO","98.87","98.87","50.34","11","275","753"
"SCHROEDTER","98.89","99.00","95.89","10","246","41"
"GIEGOLD","98.90","99.04","92.99","9","238","152"
"SZÁJER","98.98","98.39","92.98","8","376","153"
"HÄUSLING","99.01","99.26","86.91","7","199","387"
"HARMS","99.13","99.31","85.53","6","188","436"
"LUNACEK","99.15","100.00","84.90","5","1","452"
"LAMBERTS","99.18","100.00","93.09","3","1","145"
"LOCHBIHLER","99.18","99.34","91.65","3","184","201"
"KELLER","99.21","99.27","90.85","2","196","230"
"CRAMER","99.29","99.51","81.44","1","168","539"